project,class
checkstyle,com.puppycrawl.tools.checkstyle.api.AbstractLoader
checkstyle,com.puppycrawl.tools.checkstyle.api.AutomaticBean
checkstyle,com.puppycrawl.tools.checkstyle.api.FileContents
checkstyle,com.puppycrawl.tools.checkstyle.api.FileText
checkstyle,com.puppycrawl.tools.checkstyle.utils.AnnotationUtility
checkstyle,com.puppycrawl.tools.checkstyle.utils.ScopeUtils
commons-cli,org.apache.commons.cli.HelpFormatter
commons-cli,org.apache.commons.cli.Option
commons-codec,org.apache.commons.codec.language.DoubleMetaphone
commons-collections,org.apache.commons.collections.primitives.ArrayByteList
commons-collections,org.apache.commons.collections4.list.TreeList
commons-collections,org.apache.commons.collections4.sequence.SequencesComparator
commons-lang,org.apache.commons.lang3.text.translate.NumericEntityUnescaper
commons-lang,org.apache.commons.lang3.ClassUtils
commons-lang,org.apache.commons.lang3.ArrayUtils
commons-lang,org.apache.commons.lang3.text.ExtendedMessageFormat
commons-lang,org.apache.commons.lang3.text.StrBuilder
commons-lang,org.apache.commons.lang3.time.FastDateFormat
commons-lang,org.apache.commons.lang3.LocaleUtils
commons-lang,org.apache.commons.lang3.time.DurationFormatUtils
commons-lang,org.apache.commons.lang3.time.DateUtils
commons-lang,org.apache.commons.lang3.BooleanUtils
commons-lang,org.apache.commons.lang3.builder.CompareToBuilder
commons-lang,org.apache.commons.lang3.Validate
commons-lang,org.apache.commons.lang3.Conversion
commons-lang,org.apache.commons.lang3.builder.HashCodeBuilder
commons-math,org.apache.commons.math3.fraction.ProperFractionFormat
commons-math,org.apache.commons.math3.optimization.direct.CMAESOptimizer
commons-math,org.apache.commons.math3.distribution.HypergeometricDistribution
commons-math,org.apache.commons.math3.linear.RectangularCholeskyDecomposition
commons-math,org.apache.commons.math3.ode.nonstiff.EmbeddedRungeKuttaIntegrator
commons-math,org.apache.commons.math3.ode.AbstractIntegrator
commons-math,org.apache.commons.math3.geometry.euclidean.threed.Rotation
commons-math,org.apache.commons.math3.util.MultidimensionalCounter
commons-math,org.apache.commons.math3.optimization.general.LevenbergMarquardtOptimizer
commons-math,org.apache.commons.math3.optimization.linear.SimplexTableau
commons-math,org.apache.commons.math3.fraction.Fraction
commons-math,org.apache.commons.math3.util.MathUtils
commons-math,org.apache.commons.math3.analysis.interpolation.TricubicSplineInterpolatingFunction
commons-math,org.apache.commons.math3.optim.nonlinear.scalar.noderiv.AbstractSimplex
commons-math,org.apache.commons.math3.linear.MatrixUtils
commons-math,org.apache.commons.math3.geometry.euclidean.oned.IntervalsSet
commons-math,org.apache.commons.math3.dfp.DfpDec
commons-math,org.apache.commons.math3.distribution.fitting.MultivariateNormalMixtureExpectationMaximization
commons-math,org.apache.commons.math3.analysis.FunctionUtils
commons-math,org.apache.commons.math3.optim.univariate.BrentOptimizer
commons-math,org.apache.commons.math3.linear.SchurTransformer
compiler,com.google.javascript.jscomp.CheckGlobalThis
compiler,com.google.javascript.jscomp.ExploitAssigns
compiler,com.google.javascript.jscomp.CollapseProperties
compiler,com.google.javascript.jscomp.PeepholeSubstituteAlternateSyntax
compiler,com.google.javascript.jscomp.ControlFlowAnalysis
compiler,com.google.javascript.jscomp.ScopedAliases
compiler,com.google.javascript.rhino.jstype.RecordType
compiler,com.google.javascript.jscomp.parsing.JsDocInfoParser
compiler,com.google.javascript.jscomp.ReferenceCollectingCallback
guava,com.google.common.math.BigIntegerMath
guava,com.google.common.cache.CacheBuilderSpec
guava,com.google.common.util.concurrent.Monitor
guava,com.google.common.base.Joiner
guava,com.google.common.base.Predicates
guava,com.google.common.base.SmallCharMatcher
guava,com.google.common.base.Splitter
guava,com.google.common.base.Suppliers
guava,com.google.common.base.Utf8
guava,com.google.common.base.Objects
guava,com.google.common.base.CharMatcher
hibernate,org.hibernate.search.util.logging.impl.LoggerFactory
javaml,net.sf.javaml.core.AbstractInstance
javaml,net.sf.javaml.core.Complex
javaml,net.sf.javaml.core.DefaultDataset
javaml,net.sf.javaml.core.DenseInstance
javaml,net.sf.javaml.core.Fold
javaml,net.sf.javaml.core.SparseInstance
javaml,net.sf.javaml.tools.data.ARFFHandler
javex,org.javex.Expression
jdom,org.jdom2.util.NamespaceStack
jdom,org.jdom2.transform.JDOMResult
jdom,org.jdom2.output.SAXOutputter
jdom,org.jdom2.output.XMLOutputter
jdom,org.jdom2.Verifier
jfree-chart,org.jfree.chart.renderer.category.AbstractCategoryItemRenderer
jfree-chart,org.jfree.data.category.DefaultIntervalCategoryDataset
jfree-chart,org.jfree.chart.plot.MultiplePiePlot
jfree-chart,org.jfree.data.time.TimeSeries
jfree-chart,org.jfree.data.general.DatasetUtilities
jfree-chart,org.jfree.chart.plot.ValueMarker
jfree-chart,org.jfree.chart.renderer.category.MinMaxCategoryRenderer
jfree-chart,org.jfree.chart.renderer.GrayPaintScale
jfree-chart,org.jfree.chart.renderer.category.StatisticalBarRenderer
jfree-chart,org.jfree.chart.axis.Axis
jfree-chart,org.jfree.chart.plot.XYPlot
jfree-chart,org.jfree.data.time.TimePeriodValues
joda,org.joda.time.base.BaseSingleFieldPeriod
joda,org.joda.time.tz.ZoneInfoCompiler
joda,org.joda.time.format.PeriodFormatterBuilder
joda,org.joda.time.format.DateTimeFormatterBuilder
joda,org.joda.time.DateTimeZone
joda,org.joda.time.MutableDateTime
joda,org.joda.time.Partial
joda,org.joda.time.Period
joda,org.joda.time.format.DateTimeFormatter
joda,org.joda.time.base.BasePeriod
joda,org.joda.time.chrono.BasicMonthOfYearDateTimeField
joda,org.joda.time.chrono.LimitChronology
joda,org.joda.time.MutablePeriod
jsci,JSci.maths.symbolic.SimpleCharStream
jsci,JSci.maths.symbolic.ExpressionParser
jsci,JSci.maths.SpecialMath
jsci,JSci.maths.LinearMath
scribe,org.scribe.model.OAuthConfig
scribe,org.scribe.model.OAuthRequest
scribe,org.scribe.model.Request
scribe,org.scribe.model.Response
scribe,org.scribe.model.Token
scribe,org.scribe.model.Verifier
tartarus,org.tartarus.snowball.ext.turkishStemmer
tartarus,org.tartarus.snowball.ext.italianStemmer
tartarus,org.tartarus.snowball.ext.englishStemmer
trove,gnu.trove.decorator.TDoubleShortMapDecorator
trove,gnu.trove.decorator.TShortByteMapDecorator
trove,gnu.trove.impl.hash.TCharHash
trove,gnu.trove.impl.hash.TFloatCharHash
trove,gnu.trove.impl.hash.TFloatDoubleHash
trove,gnu.trove.impl.hash.TShortHash
trove,gnu.trove.list.linked.TDoubleLinkedList
trove,gnu.trove.map.hash.TFloatObjectHashMap
trove,gnu.trove.map.hash.TByteObjectHashMap
trove,gnu.trove.map.hash.TByteFloatHashMap
twitter4j,twitter4j.ExceptionDiagnosis
twitter4j,twitter4j.GeoQuery
twitter4j,twitter4j.Paging
twitter4j,twitter4j.TwitterException
twitter4j,twitter4j.TwitterBaseImpl
twitter4j,twitter4j.OEmbedRequest
twitter4j,twitter4j.TwitterImpl
wikipedia,de.tudarmstadt.ukp.wikipedia.api.Title
wikipedia,de.tudarmstadt.ukp.wikipedia.api.CategoryDescendantsIterator
wikipedia,de.tudarmstadt.ukp.wikipedia.api.WikipediaInfo
wikipedia,de.tudarmstadt.ukp.wikipedia.api.CycleHandler
xmlenc,org.znerd.xmlenc.XMLChecker
xmlenc,org.znerd.xmlenc.XMLEncoder
